{
    "accuracy": 0.9447115384615384,
    "loss": 0.1550634205341339
}